{
  "days_inactive": 1.304702877998352,
  "progress_percent": 0.6213557124137878,
  "login_streak": 0.020677456632256508,
  "skip_fwd_ratio": 0.22620214521884918,
  "skip_bwd_ratio": 0.0,
  "note_ratio": 0.23387199640274048,
  "avg_playback_rate": 0.0,
  "time_ratio": 0.01836295612156391,
  "activity_per_day": 0.2468613088130951,
  "avg_session_active_minutes": 0.027102898806333542,
  "session_count_30d": 0.2864164113998413,
  "hidden_tab_ratio": 1.027777910232544,
  "muted_ratio": 0.0
}