{
  "profile": {
    "0": {
      "avg_playback_rate": 1.7847,
      "skip_fwd_ratio": 0.3697,
      "skip_bwd_ratio": 0.0421,
      "note_ratio": 0.0196,
      "avg_session_active_minutes": 23.0803,
      "hidden_tab_ratio": 0.4607
    },
    "1": {
      "avg_playback_rate": 1.2054,
      "skip_fwd_ratio": 0.0924,
      "skip_bwd_ratio": 0.1328,
      "note_ratio": 0.1466,
      "avg_session_active_minutes": 21.2056,
      "hidden_tab_ratio": 0.0914
    },
    "2": {
      "avg_playback_rate": 1.0,
      "skip_fwd_ratio": 0.059,
      "skip_bwd_ratio": 0.0,
      "note_ratio": 0.0035,
      "avg_session_active_minutes": 0.1449,
      "hidden_tab_ratio": 0.0414
    },
    "3": {
      "avg_playback_rate": 1.0,
      "skip_fwd_ratio": 0.0,
      "skip_bwd_ratio": 0.0,
      "note_ratio": 1.0,
      "avg_session_active_minutes": 0.0,
      "hidden_tab_ratio": 0.0
    }
  },
  "k_search": {
    "2": 0.4949119879975691,
    "3": 0.5926269536956951,
    "4": 0.6122963302666918,
    "5": 0.4852159103420246,
    "6": 0.43034211286004453,
    "7": 0.4227134735020217,
    "8": 0.42608164143935656
  }
}