{
  "profile": {
    "0": {
      "avg_playback_rate": 1.7966,
      "skip_fwd_ratio": 0.3683,
      "skip_bwd_ratio": 0.0503,
      "note_ratio": 0.019,
      "avg_session_active_minutes": 22.4071,
      "hidden_tab_ratio": 0.4607
    },
    "1": {
      "avg_playback_rate": 1.207,
      "skip_fwd_ratio": 0.0939,
      "skip_bwd_ratio": 0.1328,
      "note_ratio": 0.1458,
      "avg_session_active_minutes": 21.2617,
      "hidden_tab_ratio": 0.0918
    },
    "2": {
      "avg_playback_rate": 1.0,
      "skip_fwd_ratio": 0.0,
      "skip_bwd_ratio": 0.0,
      "note_ratio": 0.0,
      "avg_session_active_minutes": 0.1732,
      "hidden_tab_ratio": 0.0169
    },
    "3": {
      "avg_playback_rate": 1.0,
      "skip_fwd_ratio": 0.0,
      "skip_bwd_ratio": 0.0,
      "note_ratio": 1.0,
      "avg_session_active_minutes": 0.0,
      "hidden_tab_ratio": 0.0
    }
  },
  "k_search": {
    "2": 0.5105120536705342,
    "3": 0.5780875909081452,
    "4": 0.6003821647010895,
    "5": 0.4589430435692904,
    "6": 0.394480928607606,
    "7": 0.39250439127848424,
    "8": 0.3915227578777048
  }
}