{
  "profile": {
    "0": {
      "avg_playback_rate": 1.7847,
      "skip_fwd_ratio": 0.3697,
      "skip_bwd_ratio": 0.0421,
      "note_ratio": 0.0196,
      "avg_session_active_minutes": 23.0803,
      "hidden_tab_ratio": 0.4607
    },
    "1": {
      "avg_playback_rate": 1.2058,
      "skip_fwd_ratio": 0.0925,
      "skip_bwd_ratio": 0.1326,
      "note_ratio": 0.1466,
      "avg_session_active_minutes": 21.1674,
      "hidden_tab_ratio": 0.0914
    },
    "2": {
      "avg_playback_rate": 1.0,
      "skip_fwd_ratio": 0.059,
      "skip_bwd_ratio": 0.0,
      "note_ratio": 0.0035,
      "avg_session_active_minutes": 0.1449,
      "hidden_tab_ratio": 0.0414
    },
    "3": {
      "avg_playback_rate": 1.0,
      "skip_fwd_ratio": 0.0,
      "skip_bwd_ratio": 0.0,
      "note_ratio": 1.0,
      "avg_session_active_minutes": 0.0,
      "hidden_tab_ratio": 0.0
    }
  },
  "k_search": {
    "2": 0.4949058411667892,
    "3": 0.5923142998099071,
    "4": 0.6119537625664087,
    "5": 0.4843191575598575,
    "6": 0.42960770002777277,
    "7": 0.42192944382976294,
    "8": 0.42536519691428987
  }
}