{
  "cv_roc_auc": 0.9928571428571429,
  "accuracy": 1.0,
  "precision": 1.0,
  "recall": 1.0,
  "f1": 1.0,
  "roc_auc": 1.0,
  "brier": 0.0010587003116212064,
  "num_train": 51,
  "num_test": 13,
  "num_pos": 24,
  "num_neg": 40
}