{
  "k": 4,
  "silhouette": 0.6003821647010895,
  "davies_bouldin": 0.4338634178788106,
  "n_samples": 62,
  "cluster_sizes": {
    "1": 35,
    "0": 22,
    "2": 4,
    "3": 1
  }
}