{
  "k": 4,
  "silhouette": 0.6119537625664087,
  "davies_bouldin": 0.45747241805836814,
  "n_samples": 64,
  "cluster_sizes": {
    "1": 35,
    "0": 20,
    "2": 8,
    "3": 1
  }
}