{
  "k": 4,
  "silhouette": 0.6122963302666918,
  "davies_bouldin": 0.4571016516573767,
  "n_samples": 64,
  "cluster_sizes": {
    "1": 35,
    "0": 20,
    "2": 8,
    "3": 1
  }
}