{
  "k": 4,
  "silhouette": 0.5704346085364519,
  "davies_bouldin": 0.5229520161664978,
  "n_samples": 62,
  "cluster_sizes": {
    "1": 35,
    "0": 22,
    "3": 4,
    "2": 1
  }
}